Country,Upvotes,Comments,Date posted,GDP per capita,Population,"Mention of 'Trump' (No = 0, Yes = 1)"
Brazil ,45000,1900,2025,10294.87,216.1M,1
Brazil ,40000,2000,2022,7974.54,215.3M,0
Brazil ,32000,1500,2018,9300.66,206.1M,1
Brazil ,23000,2900,2018,9300.66,206.1M,1
Brazil ,8800,694,2018,9300.66,206.1M,1
Brazil ,7900,202,2020,7074.19,208.6M,1
Brazil ,7500,282,2022,7974.54,215.3M,0
Brazil ,7400,222,2020,7074.19,208.6M,1
Brazil ,7000,257,2022,7974.54,215.3M,0
Brazil ,6900,119,2020,7074.19,208.6M,1
Argentina ,43000,2600,2025,14187.48,45.5M,1
Argentina ,42000,2300,2018,11752.8,44.7M,1
Argentina ,32000,1300,2025,14187.48,45.5M,1
Argentina ,13000,254,2025,14187.48,45.5M,1
Argentina ,10000,369,2025,14187.48,45.5M,0
Argentina ,8500,915,2025,14187.48,45.5M,0
Argentina ,7300,153,2025,14187.48,45.5M,1
Argentina ,6700,630,2025,14187.48,45.5M,1
Argentina ,6500,1400,2016,12699.96,43.9M,1
Argentina ,5000,321,2025,14187.48,45.5M,0
Botswana ,1200,47,2017,7104.86,2.26M,1
Botswana ,790,43,2017,7104.86,2.26M,1
Botswana ,128,7,2017,7104.86,2.26M,1
Botswana ,28,4,2017,7104.86,2.26M,0
Botswana ,6,0,2011,7287.38,2.07M,0
Botswana ,1,1,2009,5082.93,1.99M,0
Botswana ,1,0,2008,5503.07,1.95M,0
Botswana ,0,9,2011,7287.38,2.07M,0
Botswana ,0,1,2017,7104.96,2.26M,0
Mexico,73000,6100,2017,9649.28,123.4M,0
Mexico,64000,3000,2020,8841.27,126.8M,0
Mexico,55000,4500,2018,10084.79,124.6M,0
Mexico,53000,6300,2020,8841.27,126.8M,0
Mexico,52000,4200,2018,10084.79,124.6M,1
Mexico,50000,3300,2020,8841.27,126.8M,0
Mexico,45000,4100,2018,10084.79,124.6M,1
Mexico,43000,2100,2021,10314.05,127.6M,0
Mexico,40000,2400,2017,9649.28,123.4M,1
Mexico,40000,2500,2017,9649.28,123.4M,1
China,81000,4900,2019,10143.86,1407.7M,1
China,61000,2300,2020,10408.72,1411.1M,1
China,60000,2600,2019,10143.86,1407.7M,1
China,49000,1700,2020,10408.72,1411.1M,0
China,48000,20000,2019,10143.86,1407.7M,1
China,47000,6000,2017,8817.05,1396.2M,1
China,46000,3500,2018,9905.41,1402.8M,0
China,44000,2200,2017,8817.05,1396.2M,1
China,43000,3900,2018,9905.41,1402.8M,1
China,42000,4100,2018,9905.41,1402.8M,1
Indonesia,28000,1900,2017,3798.88,267.3M,1
Indonesia,22000,2300,2016,3521.47,264.6M,1
Indonesia,9000,350,2024,4876.31,282.0M,0
Indonesia,3700,149,2018,3860.95,269.9M,0
Indonesia,2300,113,2016,3521.47,264.6M,0
Indonesia,739,241,2010,3665.68,246.3M,0
Indonesia,628,8,2016,3521.47,264.6M,1
Indonesia,456,6,2019,4106.95,272.5M,0
Indonesia,427,27,2017,3798.88,267.3M,1
Indonesia,284,8,2016,3521.47,264.6M,1
Germany,60000,4300,2019,47623.87,83.1M,1
Germany,55000,2600,2020,47379.77,83.2M,0
Germany,51000,2000,2018,48874.86,82.9M,0
Germany,47000,6300,2016,42961.04,82.3M,1
Germany,41000,1200,2020,47379.77,83.2M,1
Germany,38000,4900,2017,45526.6,82.7M,1
Germany,36000,2100,2020,47379.77,83.2M,1
Germany,32000,2800,2018,48874.86,82.9M,1
Germany,32000,4600,2016,42961.04,82.3M,1
Germany,28000,2200,2022,49686.12,83.8M,0
France,55000,2500,2020,39169.86,67.6M,1
France,49000,2600,2018,41418.18,67.2M,0
France,46000,2600,2017,38687.16,66.9M,0
France,43000,2900,2019,40408.28,67.4M,1
France,41000,2300,2016,37024.22,66.7M,1
France,41000,3100,2018,41418.18,67.2M,1
France,32000,2300,2016,37024.22,66.7M,1
France,27000,3700,2017,38687.16,66.9M,1
France,27000,2400,2017,38687.16,66.9M,0
France,23000,4000,2016,37024.22,66.7M,1
Nigeria,9100,366,2025,1596.64,227.9M,1
Nigeria,7100,304,2019,2265.16,209.5M,1
Nigeria,1600,197,2025,1596.64,227.9M,1
Nigeria,843,51,2018,2057.88,204.9M,0
Nigeria,685,52,2019,2265.16,209.5M,1
Nigeria,659,315,2025,1596.64,227.9M,1
Nigeria,535,128,2011,2418.41,171.4M,0
Nigeria,532,17,2019,2265.16,209.5M,1
Nigeria,512,41,2025,1596.64,227.9M,0
Nigeria,507,47,2020,2019.66,214.0M,1
Egypt,41000,3100,2019,2962.99,107.6M,1
Egypt,7500,188,2025,3457.46,114.5M,1
Egypt,6900,184,2020,3511.11,109.3M,1
Egypt,6200,194,2025,3457.46,114.5M,1
Egypt,6100,186,2019,2962.99,107.6M,1
Egypt,4200,173,2025,3457.46,114.5M,1
Egypt,4000,112,2021,3827.35,111.0M,1
Egypt,3200,1300,2012,2996.07,93.2M,0
Egypt,3100,71,2020,3511.11,109.3M,1
Egypt,2900,133,2025,3457.46,114.5M,1
Namibia,85,40,2007,4379.04,2.02M,0
Namibia,50,30,2016,4395.69,2.44M,1
Namibia,8,4,2017,5143.96,2.51M,0
Namibia,1,0,2012,5942.65,2.19M,0
Namibia,1,4,2011,5834.79,2.15M,0
(Nambia),33000,3800,2018,5143.96,2.51M,1
(Nambia),4000,199,2019,5143.96,2.51M,1
(Nambia),267,42,2018,5143.96,2.51M,1
(Nambia),70,15,2018,5143.96,2.51M,1
(Nambia),54,10,2018,5143.96,2.51M,1
Singapore,12000,444,2021,79601.41,5.45M,1
Singapore,6400,1500,2018,66840.64,5.64M,1
Singapore,4000,609,2018,66840.64,5.64M,1
Singapore,3900,146,2018,66840.64,5.64M,1
Singapore,3400,181,2019,66081.72,5.70M,0
Singapore,2600,379,2018,66840.64,5.64M,0
Singapore,2500,8100,2018,66840.64,5.64M,0
Singapore,2400,65,2018,66840.64,5.64M,1
Singapore,2300,113,2017,61162.1,5.61M,0
Singapore,2000,336,2018,66840.64,5.64M,1
Kyrgyzstan,2400,62,2018,1283.52,6.44M,0
Kyrgyzstan,48,14,2010,876.95,5.47M,0
Kyrgyzstan,38,5,2025,1970.16,7.10M,0
Kyrgyzstan,32,8,2020,1229.52,6.73M,1
Kyrgyzstan,29,17,2020,1229.52,6.73M,0
Kyrgyzstan,12,7,2010,876.95,5.47M,0
Kyrgyzstan,10,1,2014,1264.53,5.91M,0
Kyrgyzstan,8,0,2011,1117.4,5.55M,0
Kyrgyzstan,8,0,2010,876.95,5.47M,0
Kyrgyzstan,8,1,2010,876.95,5.47M,0
Ireland,56000,2300,2020,87567.11,4.99M,1
Ireland,34000,1400,2020,87567.11,4.99M,1
Ireland,34000,1100,2020,87567.11,4.99M,1
Ireland,19000,834,2020,87567.11,4.99M,1
Ireland,15000,786,2020,87567.11,4.99M,0
Ireland,10000,1600,2016,64292.66,4.76M,0
Ireland,9200,1500,2014,57278.26,4.66M,0
Ireland,9000,287,2020,87567.11,4.99M,0
Ireland,8700,637,2019,82508.47,4.93M,1
Ireland,6800,581,2020,87567.11,4.99M,1
Lithuania,25000,1500,2025,27786.01,2.87M,1
Lithuania,1500,688,2010,11829.12,3.10M,0
Lithuania,205,71,2012,14294.72,2.99M,0
Lithuania,72,2,2022,25085.78,2.83M,0
Lithuania,60,26,2022,25085.78,2.83M,0
Lithuania,41,24,2025,27786.01,2.87M,0
Lithuania,38,19,2017,16884.71,2.83M,0
Lithuania,35,11,2017,16884.71,2.83M,1
Lithuania,31,7,2010,11829.12,3.10M,0
Lithuania,30,21,2025,27786.01,2.87M,0
Cuba,23000,1600,2025,13236.7,11.02M,1
Cuba,17000,1300,2017,8610.61,11.25M,1
Cuba,12000,2800,2017,8610.61,11.25M,1
Cuba,9900,928,2016,8110.56,11.27M,0
Cuba,6800,1300,2017,8610.61,11.25M,1
Cuba,6600,818,2017,8610.61,11.25M,0
Cuba,4800,344,2015,7727.92,11.29M,0
Cuba,4400,747,2021,12390.7,11.12M,0
Cuba,4300,321,2025,13236.7,11.02M,0
Cuba,3900,408,2022,12798.2,11.06M,0
Jamaica,35000,786,2021,5165.34,2.84M,0
Jamaica,24000,768,2021,5165.34,2.84M,0
Jamaica,2100,242,2025,6839.73,2.84M,0
Jamaica,1400,819,2010,4809.98,2.75M,0
Jamaica,770,114,2025,6839.73,2.84M,0
Jamaica,426,160,2019,5607.24,2.82M,0
Jamaica,386,10,2025,6839.73,2.84M,0
Jamaica,321,11,2019,5607.24,2.82M,0
Jamaica,292,18,2019,5607.24,2.82M,0
Jamaica,275,25,2025,6839.73,2.84M,0
Costa Rica,34000,1300,2023,16942.03,5.11M,0
Costa Rica,3700,122,2019,12884.69,5.0M,1
Costa Rica,2800,96,2026,16942.03,5.11M,0
Costa Rica,2600,441,2014,10911.5,4.77M,0
Costa Rica,1300,202,2016,12091.03,4.87M,0
Costa Rica,537,73,2012,10127,4.66M,0
Costa Rica,419,89,2012,10127,4.66M,0
Costa Rica,408,272,2009,6832.7,4.50M,0
Costa Rica,384,174,2010,8265.79,4.56M,0
Costa Rica,242,3,2019,12884.69,5.0M,1
Uruguay ,10000,422,2020,15789.69,3.40M,1
Uruguay ,6700,532,2017,19184.66,3.39M,1
Uruguay ,2800,470,2019,18315.74,3.40M,1
Uruguay ,1200,254,2015,17125.9,3.37M,0
Uruguay ,794,47,2017,19184.66,3.39M,1
Uruguay ,728,255,2012,16259.59,3.34M,0
Uruguay ,591,25,2020,15789.69,3.40M,1
Uruguay ,436,16,2014,18322.43,3.36M,0
Uruguay ,379,35,2019,18315.74,3.40M,0
Uruguay ,343,295,2013,18335.26,3.35M,0
India,52000,1900,2025,2694.7,1455M,0
India,16000,405,2020,1907,1396M,0
India,15000,574,2026,2694.7,1467M,0
India,9800,1200,2020,1907,1396M,1
India,6600,281,2017,1950.1,1354M,1
India,6200,306,2017,1950.1,1354M,0
India,6200,110,2020,1907,1396M,0
India,5500,865,2020,1907,1396M,1
India,5500,242,2017,1950.1,1354M,0
India,4500,272,2019,2041.4,1383M,1
South Africa,32000,1500,2018,6914.2,57.3M,1
South Africa,16000,737,2018,6914.2,57.3M,1
South Africa,6500,369,2025,6267.2,61.7M,1
South Africa,6200,554,2020,5580.6,58.8M,0
South Africa,5700,145,2025,6267.2,61.7M,0
South Africa,3300,87,2025,6267.2,61.7M,1
South Africa,3100,168,2017,6618.3,56.6M,1
South Africa,2900,425,2018,6914.2,57.3M,1
South Africa,2200,304,2018,6914.2,57.3M,0
South Africa,2000,586,2025,6267.2,61.7M,1
Australia,51000,3400,2019,55194.76,25.4M,0
Australia,43000,3100,2017,54117.55,24.6M,0
Australia,32000,5900,2017,54117.55,24.6M,1
Australia,27000,1900,2019,55194.76,25.4M,1
Australia,12000,420,2020,51983.45,25.7M,0
Australia,12000,2900,2016,50084.44,24.2M,1
Australia,12000,324,2026,64603.99,27.2M,1
Australia,6800,248,2026,64603.99,27.2M,1
Australia,6700,216,2019,55194.76,25.4M,1
Australia,6500,417,2019,55194.76,25.4M,0
Russia,88000,7800,2018,11211.9,145.7M,1
Russia,84000,5200,2020,10108.3,145.6M,1
Russia,82000,3700,2020,10108.3,145.6M,1
Russia,81000,4400,2020,10108.3,145.6M,1
Russia,72000,11000,2019,11447.7,145.7M,1
Russia,72000,7400,2018,11211.9,145.7M,1
Russia,69000,1300,2020,10108.3,145.6M,0
Russia,68000,14000,2018,10108.3,145.7M,1
Russia,66000,3000,2020,10108.3,145.6M,1
Russia,65000,1900,2020,10108.3,145.6M,0
Malaysia,6800,444,2016,9476.5,31.5M,0
Malaysia,3000,27,2018,10901.8,32.4M,1
Malaysia,2500,410,2015,9648.7,31.1M,0
Malaysia,1100,331,2014,11013.3,30.6M,0
Malaysia,787,38,2020,9957.5,33.2M,1
Malaysia,715,210,2025,11874.4,35.0M,1
Malaysia,551,26,2025,11874.4,35.0M,1
Malaysia,416,21,2018,10901.8,32.4M,0
Malaysia,316,37,2018,10901.8,32.4M,1
Malaysia,253,130,2012,10600.6,29.7M,0
Albania,3700,84,2026,11377.8,2.82M,0
Albania,2400,119,2026,11377.8,2.82M,0
Albania,525,35,2018,5897.7,2.88M,0
Albania,378,9,2019,6069.4,2.87M,1
Albania,227,14,2026,11377.8,2.82M,1
Albania,202,49,2018,5897.7,2.88M,0
Albania,124,93,2016,4457.6,2.88M,0
Albania,106,5,2024,11377.8,2.83M,1
Albania,90,3,2018,5897.7,2.88M,1
Albania,85,37,2018,5897.7,2.88M,0
Switzerland,21000,757,2026,103998.2,8.96M,1
Switzerland,10000,406,2018,85217.4,8.51M,0
Switzerland,4700,148,2018,85217.4,8.51M,1
Switzerland,3500,1200,2012,85836.2,8.0M,0
Switzerland,2200,425,2014,88725,8.19M,0
Switzerland,2000,139,2026,103998.2,8.96M,1
Switzerland,1600,887,2012,85836.2,8.0M,0
Switzerland,1200,452,2012,85836.2,8.0M,0
Switzerland,1100,194,2012,85836.2,8.0M,0
Switzerland,967,143,2026,103998.2,8.96M,0
Pakistan,4700,370,2018,1569.3,219.7M,1
Pakistan,3700,390,2026,1538.3,254.7M,0
Pakistan,3700,453,2017,1519.2,216.4M,1
Pakistan,3000,1200,2016,1424.7,213.5M,1
Pakistan,2100,380,2017,1519.2,216.4M,1
Pakistan,1800,671,2012,1204.4,202.2M,0
Pakistan,1700,82,2018,1569.3,219.7M,0
Pakistan,1700,137,2014,1266.6,208.3M,0
Pakistan,1700,337,2016,1424.7,213.5M,0
Pakistan,1000,173,2016,1424.7,213.5M,1
Japan,108000,3600,2020,40028.7,125.2M,0
Japan,60000,4300,2019,40416,125.8M,1
Japan,28000,2600,2019,40416,125.8M,1
Japan,28000,1900,2018,39751.1,126.3M,1
Japan,11000,419,2020,40028.7,125.2M,1
Japan,11000,698,2018,39751.1,126.3M,1
Japan,10000,424,2022,34065.6,124.0M,0
Japan,6200,1000,2024,32487.1,122.6M,0
Japan,5700,133,2020,40028.7,125.2M,0
Japan,5400,442,2017,38834.1,126.7M,1
Bangladesh ,5900,260,2017,1811.1,161.8M,1
Bangladesh ,2000,156,2019,2129.8,165.5M,0
Bangladesh ,638,237,2013,958.3,154.0M,0
Bangladesh ,582,89,2019,2129.8,165.5M,0
Bangladesh ,463,40,2018,1965.2,163.7M,0
Bangladesh ,443,33,2024,2593.4,174.7M,1
Bangladesh ,163,21,2012,859.7,152.1M,0
Bangladesh ,75,3,2013,958.3,154.0M,0
Bangladesh ,68,6,2012,859.7,152.1M,0
Bangladesh ,64,11,2013,958.3,154.0M,0
Ethiopia,5700,347,2019,793.5,114.1M,1
Ethiopia,4000,112,2020,829.8,117.2M,1
Ethiopia,3100,145,2019,793.5,114.1M,1
Ethiopia,1200,20,2020,829.8,117.2M,1
Ethiopia,702,45,2015,597.9,102.5M,0
Ethiopia,187,40,2020,829.8,117.2M,1
Ethiopia,168,75,2019,793.5,114.1M,1
Ethiopia,133,39,2010,330.6,89.2M,0
Ethiopia,103,51,2012,452.1,94.5M,0
Ethiopia,100,5,2015,597.9,102.5M,0
Nepal,3700,279,2018,1179.2,28.5M,1
Nepal,928,127,2018,1179.2,28.5M,1
Nepal,266,19,2018,1179.2,28.5M,1
Nepal,223,62,2018,1179.2,28.5M,1
Nepal,76,2,2025,1535.9,31.6M,1
Nepal,43,2,2018,1179.2,28.5M,0
Nepal,33,6,2018,1179.2,28.5M,1
Nepal,27,4,2025,1535.9,31.6M,0
Nepal,10,4,2007,385.4,26.7M,0
Nepal,9,3,2009,473.1,27.0M,0
